{
  "modVersion": "1.2.68",
  "pillagerpalaceSpawnrate": 250,
  "randomhouseSpawnrate": 3150,
  "randomshipSpawnrate": 1200,
  "randomicyshipSpawnrate": 1200,
  "miningsystemSpawnrate": 2200,
  "tallspruceSpawnrate": 150,
  "randomtribalhouseSpawnrate": 1125,
  "randomairshipSpawnrate": 1000,
  "campsiteSpawnrate": 2400,
  "wishingwellSpawnrate": 750,
  "windmillSpawnrate": 1300,
  "heavenlyriderSpawnrate": 135,
  "oceanstatueSpawnrate": 450,
  "desertstatueSpawnrate": 450,
  "plainsstatueSpawnrate": 400,
  "magesandSpawnrate": 1125,
  "magesnowSpawnrate": 950,
  "robusthouseSpawnrate": 1800,
  "bunkerruinsSpawnrate": 1050,
  "orientaltempleSpawnrate": 250,
  "coliseumSpawnrate": 300,
  "desertgardensSpawnrate": 400,
  "treehouseSpawnrate": 1250,
  "obsidianspikesSpawnrate": 5000,
  "mushroomminesSpawnrate": 400,
  "giantmushroomSpawnrate": 1250,
  "swamptreeSpawnrate": 750,
  "illagerfortressSpawnrate": 300,
  "desertcitySpawnrate": 300,
  "oceanexperienceSpawnrate": 0,
  "spawnersProtection": false,
  "waystonesCompatibility": true
}